arming;age;race;state
dangerous;53;A;WA
dangerous;47;W;OR
unarmed;23;H;KS
harmless;32;W;CA
harmless;39;H;CO
dangerous;18;W;OK
dangerous;22;H;AZ
dangerous;35;W;KS
unarmed;34;W;IA
harmless;47;B;PA
harmful;25;W;CA
dangerous;31;B;TX
harmful;41;B;OH
dangerous;30;W;IA
dangerous;37;B;LA
neutral;28;W;MT
harmless;42;W;UT
unarmed;36;B;AR
dangerous;49;W;UT
dangerous;71;W;AR
dangerous;33;H;TX
dangerous;39;W;IL
dangerous;23;H;CA
dangerous;29;H;NV
dangerous;34;W;NM
harmful;43;W;TX
neutral;24;B;MN
neutral;29;W;MO
dangerous;34;B;VA
harmful;75;W;NJ
dangerous;68;W;TX
harmful;34;W;UT
dangerous;27;B;IN
dangerous;39;B;CO
dangerous;24;W;MN
harmful;36;H;CA
dangerous;33;W;LA
dangerous;41;W;TX
harmful;48;O;CA
dangerous;21;B;OK
dangerous;24;H;CA
harmful;27;H;TX
dangerous;32;W;AZ
dangerous;67;W;KY
harmful;49;W;MA
neutral;42;B;AZ
dangerous;36;W;CA
dangerous;36;H;TX
dangerous;19;B;MO
dangerous;54;W;NH
harmless;25;B;TX
harmful;17;W;TX
dangerous;61;W;TX
neutral;29;B;FL
harmful;56;H;TX
dangerous;40;W;TX
dangerous;45;W;ID
harmful;26;B;MD
dangerous;26;H;CO
neutral;17;H;CO
dangerous;68;W;MN
unarmed;24;H;TX
harmful;34;H;CA
neutral;26;N;AZ
dangerous;29;W;AZ
dangerous;33;B;OH
harmful;39;W;NE
dangerous;45;W;TX
harmful;35;A;CA
dangerous;26;W;TX
unarmed;42;W;OK
dangerous;31;W;MI
dangerous;48;W;MT
dangerous;31;H;TX
harmful;54;B;MD
dangerous;17;W;MI
unarmed;59;W;PA
dangerous;42;W;CA
dangerous;23;B;MO
dangerous;38;B;CA
harmful;29;B;CA
dangerous;45;W;GA
unarmed;28;B;FL
dangerous;37;H;FL
dangerous;28;H;AZ
unarmed;28;H;AZ
dangerous;51;B;TX
harmful;36;B;TN
dangerous;59;W;CA
dangerous;25;B;OK
harmless;26;W;CA
dangerous;74;B;NC
dangerous;33;W;AK
dangerous;27;W;TX
dangerous;57;W;NY
dangerous;46;W;FL
dangerous;41;W;TX
dangerous;61;W;ME
dangerous;45;B;TX
unarmed;35;H;WA
dangerous;49;B;TN
dangerous;45;W;CO
harmful;23;B;CA
harmless;46;W;AL
neutral;23;W;CA
dangerous;21;H;KS
unarmed;35;H;PA
dangerous;27;W;TN
harmful;37;H;AZ
dangerous;16;W;MD
dangerous;51;W;TX
unarmed;25;B;FL
dangerous;34;W;MS
harmful;34;W;OR
dangerous;56;W;AZ
dangerous;26;W;ID
harmless;24;W;UT
dangerous;43;W;NC
unarmed;31;W;MO
dangerous;32;W;MI
harmless;30;W;MA
neutral;50;H;TX
neutral;20;B;NC
unarmed;31;H;TX
dangerous;38;B;AL
dangerous;77;B;AL
dangerous;41;W;NM
harmful;51;W;IN
dangerous;50;W;FL
harmful;42;W;PA
unarmed;39;W;NE
dangerous;47;W;LA
harmful;37;W;GA
dangerous;41;W;GA
dangerous;16;B;AL
harmful;30;W;WI
neutral;27;B;OK
dangerous;43;W;NV
unarmed;31;W;IN
dangerous;42;H;FL
harmful;21;H;CA
unarmed;49;W;MS
dangerous;34;W;GA
unarmed;27;H;CA
dangerous;24;W;SC
unarmed;17;W;MI
unarmed;34;B;MO
harmful;28;H;AZ
dangerous;28;B;MO
dangerous;40;B;NC
dangerous;37;W;AZ
dangerous;49;W;MS
unarmed;43;B;CA
dangerous;35;A;TX
dangerous;20;B;IL
dangerous;25;B;MD
harmful;25;W;AZ
unarmed;26;W;FL
dangerous;28;A;CA
harmful;45;B;WI
unarmed;36;H;CA
dangerous;34;W;NE
unarmed;37;B;CO
neutral;48;B;FL
unarmed;19;B;WI
dangerous;29;W;AZ
dangerous;40;H;OK
neutral;35;W;DE
harmful;43;B;CA
dangerous;58;W;NC
dangerous;46;W;CO
dangerous;30;B;FL
unarmed;27;B;GA
dangerous;31;B;LA
harmful;23;W;GA
harmful;37;H;CA
dangerous;64;B;OH
dangerous;31;W;TN
dangerous;39;H;CA
harmless;31;W;AZ
neutral;25;H;CA
dangerous;54;W;AL
dangerous;53;W;AL
neutral;37;B;MD
unarmed;35;B;DC
dangerous;59;W;MO
harmful;36;W;CA
unarmed;32;H;CA
dangerous;41;H;CA
dangerous;29;H;TX
harmful;53;W;WV
dangerous;26;W;WI
harmful;27;W;MS
dangerous;28;W;MN
dangerous;52;W;NC
dangerous;20;W;TX
unarmed;22;H;CA
dangerous;49;W;OR
dangerous;24;W;NC
neutral;24;W;CA
harmful;47;W;CA
dangerous;49;W;AZ
dangerous;64;W;FL
dangerous;16;B;FL
unarmed;20;W;WA
dangerous;36;W;CA
harmful;39;W;AL
unarmed;18;B;OH
dangerous;31;W;ID
dangerous;24;N;AZ
harmful;63;B;LA
dangerous;34;W;OK
dangerous;44;W;NY
dangerous;60;W;IN
dangerous;42;W;OH
dangerous;21;W;AZ
harmful;37;W;CA
harmful;36;W;OR
neutral;21;B;NY
dangerous;24;B;CA
dangerous;38;W;WI
dangerous;29;B;VA
dangerous;57;W;CA
neutral;23;B;GA
dangerous;27;B;SC
dangerous;28;H;CA
dangerous;63;W;AZ
dangerous;53;W;KS
harmful;35;H;CA
dangerous;56;W;CA
harmful;39;B;FL
harmless;23;H;CA
dangerous;40;W;MA
harmful;26;B;CA
dangerous;42;W;WV
dangerous;41;B;MA
neutral;26;W;OH
dangerous;29;B;KY
dangerous;49;W;OR
dangerous;36;W;FL
harmless;21;H;TX
neutral;27;B;MD
dangerous;37;B;CA
harmful;36;W;NJ
dangerous;32;B;IL
dangerous;63;W;IL
unarmed;44;B;OK
dangerous;27;W;LA
harmful;38;W;VA
dangerous;17;B;IL
unarmed;50;B;SC
dangerous;31;B;CA
dangerous;34;W;NM
harmful;51;W;AZ
dangerous;56;W;CA
dangerous;23;W;IN
dangerous;25;B;LA
dangerous;31;W;ID
dangerous;32;W;OK
dangerous;60;W;TX
neutral;42;B;GA
dangerous;39;H;CA
harmful;28;A;CA
harmful;22;W;FL
dangerous;29;B;IN
dangerous;31;W;PA
dangerous;28;W;SC
harmful;21;H;CA
dangerous;38;W;KS
dangerous;66;W;OK
dangerous;36;B;IN
harmful;83;W;OK
dangerous;32;W;NC
dangerous;27;H;IL
neutral;26;B;TX
harmful;31;W;AR
dangerous;22;B;FL
harmful;41;B;SC
unarmed;41;B;TX
harmless;51;W;MO
dangerous;72;W;CO
harmless;52;H;CA
harmful;47;H;CA
dangerous;18;B;IL
dangerous;29;H;CA
harmful;23;B;MO
dangerous;43;H;AZ
dangerous;45;W;FL
dangerous;40;W;KY
harmful;44;W;NE
dangerous;25;H;TX
neutral;35;B;NJ
unarmed;37;N;WA
harmful;59;W;SC
harmful;35;H;CA
unarmed;18;B;VA
harmful;51;H;AZ
dangerous;30;W;NY
dangerous;31;B;TX
dangerous;39;A;CO
dangerous;26;W;CA
dangerous;51;W;OK
unarmed;19;H;CA
neutral;46;W;CA
dangerous;49;W;OR
dangerous;63;W;OK
dangerous;20;B;CO
harmful;25;W;TX
unarmed;24;B;NY
harmful;58;W;FL
unarmed;29;W;OK
dangerous;76;W;CA
dangerous;45;W;CA
harmful;20;B;MI
dangerous;58;W;OH
dangerous;21;B;LA
dangerous;27;W;IL
harmful;26;W;OK
dangerous;33;H;AZ
dangerous;27;H;CA
dangerous;25;B;GA
dangerous;53;B;VA
dangerous;53;W;TN
unarmed;42;O;CA
harmless;22;H;TX
dangerous;52;W;DE
dangerous;36;W;UT
dangerous;30;B;TX
dangerous;34;O;TX
dangerous;44;H;NM
dangerous;53;W;KY
harmless;36;W;WA
unarmed;29;B;CA
harmful;32;A;CA
dangerous;46;W;VA
dangerous;18;W;NC
harmful;38;W;NY
neutral;21;B;CA
harmful;35;W;AZ
dangerous;58;W;NY
dangerous;48;B;LA
neutral;31;B;MN
dangerous;47;W;WA
neutral;34;B;MD
neutral;30;B;TX
harmful;28;W;FL
dangerous;28;B;FL
dangerous;46;O;HI
neutral;40;W;CA
dangerous;37;W;MI
dangerous;53;W;FL
dangerous;41;W;IL
harmless;42;W;CA
dangerous;45;B;IL
dangerous;34;W;CA
dangerous;18;W;FL
harmful;27;W;NM
unarmed;54;H;VA
dangerous;35;W;AR
dangerous;17;W;CO
dangerous;29;B;PA
harmful;52;W;OH
dangerous;38;B;KY
harmful;39;W;WY
dangerous;26;B;NE
dangerous;22;H;TX
harmful;29;B;FL
harmful;43;W;SC
harmful;24;H;NJ
dangerous;32;B;SC
harmless;40;W;PA
dangerous;25;B;MI
dangerous;47;W;MO
dangerous;40;W;AZ
dangerous;31;W;TX
harmful;36;B;AL
dangerous;62;W;WA
dangerous;51;B;NY
neutral;24;W;LA
harmful;39;W;NJ
harmless;24;W;OK
harmful;57;W;GA
unarmed;20;O;CA
harmless;33;W;CA
dangerous;60;W;SC
dangerous;32;B;CO
dangerous;40;B;GA
harmful;18;W;MI
harmful;36;B;NJ
dangerous;35;W;OK
dangerous;55;W;OR
unarmed;19;W;AZ
harmless;39;H;TN
harmless;47;W;TX
dangerous;23;W;NY
harmful;26;B;MA
harmful;26;W;TX
dangerous;46;H;CA
unarmed;36;H;NM
dangerous;18;H;TX
harmful;33;H;TX
dangerous;56;W;NJ
dangerous;50;H;CA
neutral;45;W;WV
dangerous;30;B;CA
dangerous;53;W;FL
dangerous;45;H;CA
harmful;42;W;TX
dangerous;27;H;CO
dangerous;36;W;FL
dangerous;58;W;WA
harmful;30;H;CA
dangerous;69;W;AZ
unarmed;30;W;OH
dangerous;45;W;TX
dangerous;22;B;OH
unarmed;28;W;IA
dangerous;19;B;NY
dangerous;40;B;FL
neutral;46;B;FL
dangerous;28;H;TX
harmful;22;H;NJ
harmless;17;W;IN
dangerous;46;W;IN
harmless;35;B;KY
dangerous;35;W;TX
neutral;28;H;CA
dangerous;15;W;FL
unarmed;22;B;CA
dangerous;28;H;CA
dangerous;31;N;ND
dangerous;40;W;AL
dangerous;48;W;NM
harmful;58;W;NY
harmful;44;H;MA
dangerous;21;B;OH
dangerous;50;H;CO
dangerous;23;B;IL
unarmed;24;H;CA
harmless;49;W;TX
dangerous;60;W;NC
dangerous;35;H;CA
dangerous;29;W;GA
dangerous;20;B;PA
unarmed;34;W;IN
harmful;22;W;KS
harmful;49;W;TX
dangerous;32;W;NE
dangerous;26;B;VA
unarmed;41;B;MD
dangerous;61;W;CA
dangerous;49;W;NY
dangerous;28;H;TX
dangerous;35;W;OK
harmless;29;W;OR
dangerous;51;W;NY
dangerous;52;W;NC
neutral;24;B;OR
dangerous;32;W;OR
harmless;45;W;MA
harmful;60;A;CA
unarmed;23;B;FL
harmful;27;H;CA
dangerous;46;H;CA
dangerous;33;H;NJ
dangerous;40;W;FL
dangerous;42;B;OK
dangerous;37;W;TN
dangerous;23;B;VA
dangerous;36;W;NV
unarmed;19;W;CA
dangerous;35;W;TX
harmless;25;W;TX
unarmed;43;W;CA
dangerous;20;W;OK
harmful;42;W;NH
harmful;42;H;CA
neutral;31;W;CA
harmful;29;B;CA
dangerous;18;B;TX
harmful;33;W;AZ
dangerous;59;W;TX
dangerous;47;H;CA
dangerous;39;H;TX
harmful;37;B;NJ
dangerous;35;W;MO
harmful;28;W;KY
dangerous;59;W;OR
neutral;62;W;NC
dangerous;50;W;UT
dangerous;68;W;AZ
dangerous;27;B;IL
dangerous;17;W;CA
harmful;38;W;CA
harmful;21;B;MO
dangerous;54;W;NV
dangerous;20;B;GA
dangerous;25;B;IL
dangerous;31;W;CA
harmful;35;N;CO
unarmed;36;B;FL
dangerous;60;W;TX
dangerous;24;W;IL
dangerous;27;W;WY
dangerous;20;B;GA
dangerous;24;W;CA
neutral;23;H;MA
harmful;41;W;CA
dangerous;20;B;FL
harmful;43;W;MI
harmless;25;B;CA
harmful;29;H;WI
dangerous;35;B;FL
dangerous;30;W;KS
dangerous;24;O;TN
dangerous;23;N;WY
dangerous;29;W;AL
harmful;27;W;WA
unarmed;23;B;FL
dangerous;50;W;CA
unarmed;19;B;TN
neutral;24;H;TX
harmful;22;W;CO
dangerous;46;W;AZ
dangerous;65;W;KS
unarmed;43;B;OH
dangerous;35;W;TX
unarmed;47;W;GA
dangerous;24;W;FL
dangerous;35;W;GA
dangerous;25;H;WI
harmful;26;B;OK
dangerous;27;B;PA
dangerous;34;B;OH
unarmed;31;W;MN
dangerous;32;W;SC
harmless;47;W;WY
dangerous;44;W;CA
dangerous;44;W;CA
harmful;30;W;NC
neutral;60;W;LA
dangerous;50;W;GA
harmless;36;B;NV
dangerous;59;B;FL
dangerous;33;B;LA
neutral;19;W;SC
harmful;56;W;SC
harmless;45;W;LA
harmful;22;W;CO
dangerous;34;H;NM
dangerous;53;W;UT
dangerous;48;W;NV
dangerous;25;W;CA
dangerous;30;H;TX
harmless;47;H;CA
dangerous;33;H;NM
dangerous;34;W;NM
dangerous;29;H;AZ
neutral;63;W;TX
dangerous;49;B;CA
dangerous;18;W;PA
dangerous;71;W;VA
harmless;35;W;IN
neutral;55;H;CA
dangerous;31;B;IL
harmful;18;W;KY
harmful;51;W;WI
dangerous;39;B;HI
dangerous;20;B;VA
harmful;29;W;TN
dangerous;40;W;WA
harmful;42;H;KY
dangerous;22;B;TX
unarmed;19;B;TX
harmful;24;H;NV
harmless;30;W;CA
neutral;53;W;MT
dangerous;25;B;NC
harmful;28;B;CA
dangerous;24;B;SC
dangerous;59;W;NC
dangerous;46;W;WA
neutral;15;B;IN
dangerous;41;W;OK
harmful;22;H;CA
neutral;24;W;AZ
dangerous;34;W;ID
harmful;48;W;TX
dangerous;24;W;TX
dangerous;27;B;CA
harmful;30;B;CA
dangerous;27;H;CA
dangerous;27;B;OH
dangerous;49;W;NM
dangerous;38;B;NY
dangerous;26;H;TX
unarmed;30;B;MD
harmful;53;W;CT
unarmed;43;W;IN
dangerous;23;B;CA
unarmed;34;B;CA
dangerous;30;W;NV
dangerous;29;H;CA
dangerous;47;W;TX
dangerous;35;B;TX
unarmed;40;H;CA
dangerous;18;B;MO
dangerous;24;B;MI
dangerous;29;W;WA
dangerous;44;W;NC
dangerous;19;W;OH
unarmed;50;W;AL
dangerous;17;H;CA
dangerous;57;W;WA
neutral;30;W;MD
harmful;38;W;NC
dangerous;31;W;MN
dangerous;39;B;NY
harmful;29;W;CA
neutral;26;W;KS
harmful;64;W;VA
dangerous;36;W;FL
dangerous;36;W;AL
harmless;21;W;NJ
dangerous;53;B;NC
dangerous;57;W;NV
dangerous;30;H;NM
harmful;34;B;PA
dangerous;53;W;FL
dangerous;45;W;AZ
dangerous;22;H;FL
harmless;22;W;TN
dangerous;46;W;TN
dangerous;27;W;UT
harmful;42;B;TX
harmless;30;B;CA
harmful;54;W;CA
harmless;29;H;CA
neutral;41;H;TX
dangerous;28;W;UT
unarmed;61;B;NY
dangerous;23;W;TX
dangerous;25;B;NV
unarmed;29;H;IL
dangerous;20;W;OK
dangerous;40;H;AZ
harmful;45;W;CO
dangerous;33;B;WV
dangerous;76;W;OH
dangerous;47;W;NM
dangerous;45;W;AZ
unarmed;40;H;CA
dangerous;37;W;SD
harmful;49;H;IN
dangerous;27;W;CA
dangerous;36;W;TX
harmful;23;W;NH
harmless;21;B;NC
harmful;32;H;CA
dangerous;35;B;VA
unarmed;28;B;VA
dangerous;59;H;FL
dangerous;28;B;LA
dangerous;45;W;NM
harmful;45;H;CA
dangerous;19;N;AK
dangerous;25;W;WI
dangerous;37;B;MO
dangerous;33;N;AK
harmful;59;A;CA
harmful;31;A;NY
dangerous;29;B;IN
dangerous;32;W;CA
dangerous;41;H;CA
dangerous;31;W;PA
dangerous;44;W;CO
neutral;23;W;AL
dangerous;45;W;TN
dangerous;39;W;IA
dangerous;67;B;OK
dangerous;29;W;TX
dangerous;25;B;KY
unarmed;28;W;CA
harmless;21;B;LA
dangerous;32;H;CA
dangerous;51;H;FL
dangerous;39;H;CA
dangerous;27;B;LA
dangerous;31;W;SD
dangerous;50;W;MI
neutral;32;W;CA
neutral;47;W;TN
dangerous;46;W;LA
dangerous;57;W;AL
dangerous;23;W;VA
dangerous;56;W;IN
dangerous;24;H;TX
dangerous;27;W;CA
dangerous;23;W;CA
unarmed;21;W;TX
dangerous;26;W;FL
harmless;34;H;FL
dangerous;32;B;CA
dangerous;33;W;FL
dangerous;55;W;CA
harmful;48;O;UT
dangerous;35;W;TX
unarmed;19;B;MD
dangerous;45;W;VA
dangerous;28;B;DE
harmful;42;H;FL
dangerous;17;W;CO
harmless;30;O;MN
unarmed;21;W;OH
harmful;33;B;IL
dangerous;45;W;AZ
harmful;46;B;LA
dangerous;23;H;NM
harmful;37;H;CA
dangerous;43;W;GA
dangerous;40;H;TX
unarmed;31;B;FL
harmless;59;H;CA
neutral;46;N;SD
unarmed;37;W;MN
dangerous;28;B;WV
dangerous;28;H;AZ
harmful;26;H;CA
harmful;55;W;OR
unarmed;29;W;TX
dangerous;27;W;AL
dangerous;31;B;IL
dangerous;51;W;TX
dangerous;50;W;NJ
unarmed;27;O;OH
dangerous;18;B;OK
harmful;46;H;FL
harmful;19;B;MD
neutral;49;W;MA
dangerous;31;W;CT
neutral;38;W;CA
dangerous;40;W;MI
harmless;35;H;IL
neutral;34;H;CA
dangerous;44;A;LA
dangerous;23;B;SC
harmful;43;H;TX
dangerous;31;W;MS
dangerous;27;W;GA
dangerous;46;W;FL
neutral;18;H;CA
dangerous;57;B;AL
dangerous;15;H;FL
dangerous;25;B;OH
dangerous;50;W;NV
harmless;31;W;OH
dangerous;35;W;WA
dangerous;27;H;CA
dangerous;20;B;TX
unarmed;27;H;CA
neutral;33;B;MS
harmless;22;H;CA
harmful;28;B;PA
dangerous;31;B;FL
harmful;28;W;CA
neutral;53;B;CA
harmless;30;W;KY
harmless;39;B;CA
dangerous;40;H;NM
harmful;30;W;LA
dangerous;21;W;IA
harmful;35;H;CA
unarmed;21;H;CA
dangerous;47;W;MI
harmful;38;B;LA
dangerous;36;B;CA
neutral;53;W;KY
dangerous;34;H;CA
dangerous;34;B;FL
neutral;30;B;CA
dangerous;28;W;OH
dangerous;47;W;WI
neutral;49;W;AK
dangerous;36;W;GA
neutral;45;B;MD
dangerous;21;B;DC
unarmed;18;O;FL
dangerous;25;B;GA
unarmed;29;B;CA
dangerous;57;W;MS
dangerous;34;B;FL
dangerous;35;W;OR
dangerous;18;W;TN
dangerous;62;W;KY
dangerous;29;H;TX
dangerous;25;B;TX
harmful;30;W;OK
dangerous;33;W;CO
unarmed;56;B;AL
dangerous;49;W;MN
dangerous;20;W;CA
dangerous;62;W;ID
dangerous;62;B;DC
unarmed;6;W;LA
dangerous;30;W;MO
dangerous;57;B;TX
harmful;18;O;CA
unarmed;47;W;CA
dangerous;48;W;WV
dangerous;20;W;OK
harmful;30;W;MO
dangerous;36;W;SC
dangerous;51;W;OR
neutral;55;W;NV
neutral;48;W;NC
neutral;20;B;SC
dangerous;25;H;TX
dangerous;26;W;WV
dangerous;45;H;CA
dangerous;35;H;CA
harmless;63;W;CO
dangerous;34;H;CA
neutral;36;H;CO
dangerous;22;W;MT
neutral;31;H;NM
dangerous;25;H;CA
dangerous;57;W;SC
dangerous;32;B;MD
harmful;42;B;CA
harmless;52;W;TN
neutral;25;H;CA
dangerous;25;W;GA
harmful;31;H;CA
harmless;39;B;CA
harmful;32;W;NC
harmless;16;B;PA
unarmed;24;B;MN
neutral;28;W;TX
neutral;25;W;GA
dangerous;41;W;TX
dangerous;28;B;FL
dangerous;21;B;SC
neutral;30;B;TX
unarmed;58;W;GA
dangerous;47;W;NJ
harmless;25;B;FL
dangerous;44;B;MI
dangerous;34;B;FL
harmful;27;B;FL
harmful;34;B;DC
dangerous;39;W;GA
unarmed;29;B;CA
unarmed;24;W;OK
harmful;47;W;CA
dangerous;45;W;NV
dangerous;28;H;CO
harmful;49;H;TX
dangerous;50;W;OH
harmless;45;W;MN
harmless;32;W;NV
dangerous;24;B;NJ
harmful;23;W;MO
dangerous;52;W;AZ
dangerous;37;W;MO
unarmed;26;W;CA
dangerous;58;W;MO
harmful;50;W;TX
dangerous;22;W;OH
dangerous;53;W;MO
dangerous;69;H;AZ
dangerous;23;H;CA
dangerous;29;W;NE
neutral;25;A;CO
dangerous;18;B;GA
neutral;31;H;TX
dangerous;23;W;ME
dangerous;18;H;CA
dangerous;35;H;CO
dangerous;27;O;CA
dangerous;28;O;CA
harmful;26;B;CA
dangerous;32;H;TX
dangerous;36;H;NM
dangerous;66;W;NE
harmless;47;W;AZ
dangerous;21;B;PA
dangerous;24;W;TX
harmful;51;W;FL
dangerous;60;W;WI
dangerous;61;W;MO
dangerous;38;H;CA
dangerous;35;W;WA
dangerous;46;B;OH
harmful;48;W;WY
unarmed;36;B;NY
dangerous;33;B;OH
dangerous;66;W;KY
dangerous;34;W;IN
dangerous;55;B;SC
harmful;54;W;CA
unarmed;36;W;AZ
harmful;25;B;IN
dangerous;24;B;TN
dangerous;28;B;CA
harmful;36;W;OK
dangerous;20;W;PA
harmful;49;H;CA
dangerous;51;W;TX
harmful;21;W;TX
harmful;30;O;WA
dangerous;32;H;CO
dangerous;33;B;LA
harmful;52;W;MD
neutral;56;W;TN
dangerous;48;W;NV
harmful;39;A;CA
neutral;19;H;CA
dangerous;45;H;NV
dangerous;33;W;WV
neutral;51;B;NC
harmful;25;W;OH
dangerous;24;W;CA
dangerous;22;W;OH
neutral;32;W;TN
harmless;58;H;NM
dangerous;24;B;VA
neutral;26;H;CA
dangerous;30;B;CA
dangerous;31;H;TX
dangerous;34;H;CA
dangerous;48;B;GA
dangerous;21;W;PA
dangerous;39;W;FL
dangerous;25;B;CO
dangerous;30;W;CA
dangerous;56;W;VT
neutral;29;W;FL
dangerous;19;H;NM
unarmed;35;B;MI
neutral;36;W;LA
dangerous;24;B;MI
harmful;23;H;CA
dangerous;18;B;NC
harmful;31;W;CA
harmless;41;W;AZ
unarmed;55;B;IL
harmful;19;B;IL
dangerous;38;H;ID
neutral;36;W;MS
harmful;34;W;AZ
neutral;52;W;LA
harmless;28;W;VA
harmful;50;O;CA
harmful;55;H;CA
unarmed;23;B;NV
harmful;30;W;CA
harmful;37;W;MT
dangerous;54;W;TX
dangerous;37;W;SD
dangerous;30;B;NC
neutral;27;B;LA
dangerous;22;B;OK
neutral;29;W;WA
harmful;39;W;TN
dangerous;33;B;NC
dangerous;52;W;CA
harmless;28;H;CA
harmful;54;W;PA
harmless;38;W;IL
dangerous;32;H;NM
dangerous;34;W;KY
harmful;26;W;WI
dangerous;50;W;GA
harmful;37;W;WA
harmless;45;W;MD
neutral;56;W;CA
harmless;45;W;OH
dangerous;32;W;CO
unarmed;12;W;PA
harmful;49;N;AK
dangerous;58;W;VA
dangerous;29;W;TN
dangerous;60;W;WA
dangerous;40;W;IL
harmful;39;H;CA
dangerous;26;W;WV
dangerous;24;B;MI
harmless;34;H;CA
dangerous;27;W;TX
harmless;44;W;OR
unarmed;25;W;CA
neutral;55;W;WV
dangerous;19;B;FL
dangerous;52;B;MO
harmful;24;H;CA
dangerous;38;W;AL
dangerous;31;W;UT
unarmed;26;W;AZ
dangerous;33;W;AZ
harmless;28;W;FL
harmful;27;W;OR
dangerous;39;W;AZ
harmful;29;W;CA
dangerous;36;W;TX
harmful;55;W;NC
dangerous;28;W;GA
dangerous;40;B;LA
dangerous;33;W;AL
harmful;37;W;TX
dangerous;39;B;OK
harmless;43;W;AL
harmful;38;H;NV
dangerous;55;W;OR
dangerous;52;W;AR
dangerous;32;B;TN
dangerous;31;H;NM
harmful;27;W;SC
harmless;40;A;TN
neutral;31;B;MI
dangerous;30;W;TX
dangerous;26;H;GA
neutral;32;N;WA
dangerous;33;W;NE
dangerous;19;B;OR
dangerous;33;B;MA
dangerous;29;B;TX
neutral;41;W;AL
dangerous;29;B;IL
harmful;38;H;CO
dangerous;64;H;GA
dangerous;42;W;MO
dangerous;42;W;CA
harmful;37;B;PA
harmful;46;H;FL
unarmed;25;W;TX
harmless;36;B;DC
dangerous;21;H;NM
harmful;30;W;CA
dangerous;53;W;OK
dangerous;31;H;FL
dangerous;22;N;SD
harmful;24;W;AZ
unarmed;36;B;TX
dangerous;47;W;MO
harmless;54;W;OH
dangerous;43;H;TX
neutral;38;O;HI
dangerous;30;W;FL
dangerous;51;W;NC
dangerous;55;W;OR
dangerous;16;H;CA
dangerous;23;B;OH
dangerous;36;W;AR
dangerous;33;B;PA
unarmed;17;B;TX
neutral;22;B;LA
unarmed;22;H;CA
dangerous;29;O;HI
dangerous;41;W;KY
dangerous;67;W;MD
dangerous;36;N;AK
harmful;52;W;MN
dangerous;56;O;TX
harmful;35;W;NC
harmful;45;W;CA
harmful;30;B;OH
dangerous;29;B;MA
dangerous;53;W;TX
dangerous;32;B;NY
dangerous;22;B;LA
dangerous;29;B;IA
unarmed;24;B;TX
unarmed;19;B;VA
harmful;26;W;CA
harmful;50;W;FL
dangerous;29;H;CA
dangerous;52;H;NM
neutral;39;W;CA
harmful;51;W;CT
neutral;48;W;MO
dangerous;30;W;AR
harmless;37;B;OH
neutral;25;W;GA
neutral;30;H;CA
neutral;35;H;CA
dangerous;32;H;TX
harmful;35;W;UT
dangerous;31;W;TN
dangerous;30;H;CA
dangerous;23;H;NM
dangerous;41;B;WA
dangerous;45;W;MS
neutral;46;B;WA
dangerous;36;N;AZ
dangerous;31;B;CA
neutral;32;B;CA
dangerous;38;N;AK
dangerous;33;H;CO
harmful;45;W;CA
neutral;38;W;TX
harmless;22;W;OH
neutral;48;B;LA
dangerous;36;H;CA
harmful;39;H;TX
dangerous;26;W;AZ
harmful;16;W;MO
dangerous;58;W;CO
neutral;27;H;AZ
neutral;26;H;CA
unarmed;21;B;WI
dangerous;37;W;CO
harmless;56;B;AL
dangerous;19;W;NV
dangerous;38;B;KS
harmless;18;B;VA
unarmed;35;W;SD
dangerous;23;H;TX
dangerous;41;W;AL
dangerous;44;W;SD
dangerous;24;B;NC
dangerous;39;H;FL
dangerous;22;H;TX
dangerous;37;W;MS
unarmed;36;W;MD
harmful;41;W;PA
harmful;27;H;AZ
unarmed;30;W;KY
dangerous;34;W;NY
dangerous;22;W;TX
dangerous;51;W;TX
unarmed;42;W;ND
dangerous;41;H;CA
dangerous;49;W;NY
harmful;45;W;CA
neutral;45;W;KS
dangerous;42;W;MT
neutral;41;H;NM
harmless;27;W;FL
harmless;37;W;MS
harmless;22;B;NV
dangerous;21;H;CA
dangerous;50;W;TX
neutral;23;H;CO
dangerous;25;B;VA
dangerous;51;W;KS
harmful;46;W;IL
dangerous;23;H;CA
unarmed;37;B;TX
harmful;20;B;TX
dangerous;43;W;NC
neutral;45;W;CA
unarmed;16;H;TX
unarmed;30;W;TN
dangerous;26;W;AL
dangerous;24;B;PA
harmful;38;W;WA
dangerous;28;B;MD
dangerous;29;B;IL
dangerous;34;W;KY
harmful;38;W;IN
dangerous;43;W;TX
unarmed;23;H;CA
dangerous;33;H;TX
dangerous;40;W;NC
dangerous;38;A;MN
dangerous;53;A;FL
dangerous;29;B;TX
dangerous;30;B;TX
dangerous;60;W;ID
harmless;25;B;VA
neutral;24;W;LA
dangerous;21;B;IL
dangerous;23;W;KY
harmful;61;W;VA
dangerous;54;W;PA
dangerous;62;H;IN
harmless;16;B;FL
harmful;76;W;VT
harmless;25;W;CT
dangerous;28;W;PA
harmful;25;H;FL
neutral;33;W;VA
dangerous;51;W;CO
dangerous;34;H;CA
dangerous;30;B;TN
harmful;44;W;MA
harmless;24;B;RI
dangerous;29;W;CA
dangerous;48;H;CO
dangerous;19;H;NM
dangerous;22;B;MO
harmful;39;H;MA
dangerous;36;W;VA
dangerous;55;W;SC
dangerous;46;W;FL
harmful;34;W;MO
harmful;27;N;AZ
dangerous;33;W;NM
dangerous;18;B;NC
dangerous;33;W;TX
harmless;46;W;CA
dangerous;51;W;SC
dangerous;50;W;MN
dangerous;33;W;CA
dangerous;25;H;AZ
dangerous;52;W;GA
dangerous;31;B;NV
dangerous;18;B;MD
dangerous;43;B;MD
dangerous;34;B;VA
harmless;65;H;TX
dangerous;37;H;TX
dangerous;30;B;IN
neutral;48;W;LA
harmless;36;W;AL
dangerous;25;W;TX
harmful;69;W;WI
harmful;50;H;MN
harmful;52;W;MA
unarmed;44;B;IN
harmful;60;W;OH
harmful;40;B;TN
harmful;20;H;CA
harmful;45;H;CA
neutral;44;W;NE
harmful;40;B;CA
harmful;25;W;WI
harmful;43;B;MI
dangerous;27;B;NJ
dangerous;19;B;PA
dangerous;39;W;CA
harmful;30;W;NY
harmful;28;H;CA
dangerous;22;H;NV
dangerous;16;B;IL
unarmed;40;W;CO
dangerous;38;H;IL
neutral;20;W;FL
neutral;35;B;CA
dangerous;52;W;TX
dangerous;26;W;TN
unarmed;54;W;KS
harmful;38;H;CA
dangerous;52;W;OK
neutral;26;W;IN
dangerous;53;W;IL
dangerous;35;B;OH
unarmed;22;W;TX
dangerous;31;B;NJ
dangerous;32;B;NY
neutral;37;B;NY
dangerous;28;B;MD
dangerous;18;B;GA
dangerous;41;A;NC
dangerous;15;B;MO
dangerous;38;W;AL
dangerous;41;W;FL
neutral;52;W;AR
harmful;48;H;MA
harmful;29;W;TX
harmful;51;W;NY
neutral;21;B;FL
dangerous;24;W;AZ
dangerous;18;W;WI
dangerous;30;W;VA
neutral;33;B;AR
dangerous;60;W;NC
dangerous;28;W;CO
dangerous;26;B;VA
dangerous;24;W;NM
dangerous;44;W;TX
dangerous;36;W;UT
harmful;34;A;GA
dangerous;21;W;CO
harmful;37;B;FL
dangerous;53;W;ID
harmful;45;W;WA
neutral;24;B;TX
neutral;48;W;MO
harmful;42;W;WI
harmful;33;W;UT
neutral;55;W;AZ
harmful;28;A;CA
harmless;25;B;FL
dangerous;28;W;TN
dangerous;52;B;SC
harmful;59;W;CA
neutral;52;W;PA
dangerous;39;W;WA
neutral;40;W;MO
neutral;36;W;LA
dangerous;38;B;WI
dangerous;26;B;FL
dangerous;29;W;WA
dangerous;37;B;FL
harmful;29;O;ME
harmless;21;B;CA
harmless;33;B;TX
dangerous;33;B;MN
unarmed;23;W;MS
dangerous;26;W;IL
dangerous;29;W;TX
harmful;28;B;MA
dangerous;35;W;CO
neutral;33;A;CA
dangerous;24;B;CO
dangerous;28;H;CA
harmful;19;W;FL
dangerous;43;N;AZ
dangerous;59;W;FL
dangerous;34;W;GA
dangerous;35;W;IL
dangerous;23;B;GA
harmful;36;W;CA
harmful;46;W;NY
dangerous;44;W;MO
dangerous;20;H;AZ
unarmed;30;H;NV
unarmed;29;B;CA
harmful;35;H;CA
dangerous;36;W;KY
dangerous;22;B;FL
harmful;31;B;NE
dangerous;63;W;SC
unarmed;38;W;OR
dangerous;31;N;AZ
unarmed;27;B;FL
dangerous;35;H;MA
unarmed;22;B;FL
dangerous;28;W;CO
dangerous;26;N;AZ
harmful;22;W;OR
dangerous;31;H;NM
harmful;43;W;OK
neutral;24;B;FL
dangerous;29;W;MN
dangerous;43;W;IL
neutral;21;B;IL
dangerous;19;H;CA
dangerous;25;H;NM
dangerous;59;W;IN
dangerous;50;B;AL
dangerous;58;W;NM
dangerous;25;H;TX
harmful;32;W;FL
dangerous;53;W;NC
unarmed;38;W;NC
dangerous;70;W;OR
dangerous;33;B;AZ
harmful;36;W;OR
dangerous;21;B;GA
dangerous;51;W;KY
harmful;43;B;VA
dangerous;18;B;NC
harmful;33;W;AK
harmful;34;N;AZ
dangerous;35;B;AL
harmful;31;W;IN
dangerous;31;W;FL
dangerous;23;B;OH
harmful;25;O;HI
unarmed;25;W;OK
neutral;21;H;CA
dangerous;49;B;VA
dangerous;63;W;GA
dangerous;43;H;MO
dangerous;34;W;AL
dangerous;38;W;PA
dangerous;52;B;TX
dangerous;68;W;MI
dangerous;31;B;CA
harmful;29;W;NC
dangerous;32;H;CO
dangerous;50;H;WA
dangerous;27;B;MS
harmful;31;H;CA
dangerous;29;O;FL
harmful;23;W;UT
dangerous;61;B;KY
dangerous;33;W;NY
dangerous;18;B;AL
dangerous;80;H;RI
neutral;43;W;WA
neutral;50;H;ID
dangerous;47;W;MO
dangerous;54;O;TX
neutral;22;H;CA
neutral;43;W;OK
dangerous;38;W;WI
dangerous;21;H;NM
dangerous;36;W;MT
neutral;30;H;CO
harmless;34;W;AL
neutral;17;W;CA
unarmed;37;B;MS
dangerous;25;B;NY
dangerous;23;B;SC
harmful;20;W;AZ
harmless;19;W;NH
dangerous;50;W;WY
neutral;24;H;NC
dangerous;25;W;CO
neutral;20;B;AL
harmful;37;W;FL
dangerous;44;B;MS
unarmed;22;B;GA
dangerous;31;W;TX
dangerous;25;B;WI
dangerous;36;B;NJ
dangerous;50;W;AR
dangerous;42;W;TX
dangerous;42;H;OK
dangerous;26;H;FL
unarmed;19;W;CA
dangerous;59;W;FL
unarmed;36;H;GA
harmful;51;W;MI
harmful;27;H;CT
dangerous;22;B;NE
dangerous;30;B;IL
harmless;28;W;IA
harmless;63;B;DC
dangerous;32;W;GA
dangerous;26;W;NM
harmless;25;W;DE
harmful;27;A;CA
harmful;61;A;HI
neutral;30;W;KY
dangerous;37;B;IA
harmful;41;W;WI
dangerous;25;B;OH
dangerous;24;W;CO
neutral;44;H;WY
dangerous;63;W;SC
dangerous;30;W;GA
harmful;58;W;WI
dangerous;35;B;NC
dangerous;50;W;TN
harmful;40;W;LA
neutral;19;H;CA
dangerous;34;W;SC
dangerous;18;H;CA
dangerous;21;B;DC
neutral;37;B;LA
neutral;29;W;OR
neutral;49;W;CA
harmful;24;H;AZ
dangerous;32;B;MN
dangerous;65;W;OK
harmful;37;H;CA
neutral;33;W;CA
dangerous;63;B;AL
harmful;30;W;AZ
dangerous;40;B;OK
dangerous;38;B;TX
harmful;50;B;CA
dangerous;41;B;IL
dangerous;41;H;MI
dangerous;39;B;NY
dangerous;44;W;MI
harmful;23;W;AK
dangerous;32;W;AZ
harmless;56;W;NY
dangerous;33;B;MD
dangerous;63;W;NC
dangerous;31;W;FL
dangerous;26;W;CA
dangerous;57;W;NJ
dangerous;39;W;WI
harmless;43;W;OK
dangerous;42;B;NY
dangerous;29;B;LA
harmful;56;W;OK
harmful;31;H;CA
dangerous;50;B;IL
dangerous;36;O;HI
dangerous;50;W;WV
dangerous;34;H;TX
harmful;49;B;WI
dangerous;31;B;CA
dangerous;36;W;CA
harmful;29;N;NM
dangerous;32;B;IN
dangerous;18;B;CA
dangerous;50;W;WI
dangerous;36;H;NM
harmful;33;W;TN
dangerous;17;B;LA
unarmed;19;B;AZ
harmful;24;W;AZ
harmful;24;H;CA
harmful;20;W;MT
neutral;41;H;NV
unarmed;47;B;CA
neutral;18;B;IL
dangerous;31;H;AZ
unarmed;27;B;CA
neutral;36;H;CA
dangerous;59;W;NC
dangerous;40;W;AL
harmless;32;W;KY
neutral;38;H;WA
harmful;18;A;NJ
dangerous;23;B;MD
neutral;43;W;SC
dangerous;67;W;VA
dangerous;22;W;SC
harmful;31;W;MN
dangerous;43;B;FL
dangerous;34;W;ID
neutral;51;W;CA
dangerous;31;W;UT
harmful;54;W;MI
dangerous;69;W;VA
harmful;58;W;VA
dangerous;26;B;GA
dangerous;59;W;WI
harmful;25;B;OH
harmful;20;B;PA
dangerous;69;W;SC
harmful;57;B;KY
dangerous;56;W;CA
dangerous;64;W;NC
neutral;34;H;KY
dangerous;45;W;OH
dangerous;14;H;CA
neutral;44;W;SC
dangerous;54;W;LA
dangerous;59;W;WA
harmful;33;H;CA
neutral;22;H;AZ
harmful;49;W;OK
neutral;36;H;CA
dangerous;23;B;WI
harmful;38;H;AZ
dangerous;53;W;CO
harmful;29;H;VA
dangerous;42;W;TN
unarmed;25;H;AZ
dangerous;18;B;CA
dangerous;55;W;WV
dangerous;36;W;OH
dangerous;32;W;NC
harmless;53;W;AZ
dangerous;30;B;CA
harmless;27;B;WA
dangerous;37;H;CA
unarmed;29;W;NC
harmful;40;W;CA
neutral;36;W;KS
dangerous;38;W;CA
dangerous;29;W;NM
dangerous;59;W;CA
dangerous;47;H;CA
dangerous;22;H;AZ
harmless;31;W;WI
neutral;29;W;NV
harmful;54;W;TN
harmful;71;H;CA
harmful;36;H;NM
harmful;34;B;OH
dangerous;49;W;TX
dangerous;36;H;TX
dangerous;43;W;FL
dangerous;53;W;TN
dangerous;31;B;CA
neutral;32;H;CA
dangerous;41;W;NV
harmless;26;H;AZ
dangerous;82;W;WV
dangerous;37;W;MN
dangerous;24;B;NC
harmful;56;W;CA
dangerous;35;W;AZ
unarmed;22;B;FL
dangerous;59;W;TX
harmful;36;W;TX
dangerous;21;W;CO
neutral;38;W;MO
neutral;60;W;OH
dangerous;18;W;KS
dangerous;23;H;CA
dangerous;38;H;NM
harmful;22;W;IL
dangerous;38;B;MO
neutral;25;B;NJ
neutral;25;W;WA
dangerous;36;W;IL
harmful;44;H;CO
dangerous;36;B;TX
dangerous;35;H;TX
neutral;25;W;NE
neutral;31;H;AZ
dangerous;70;W;TN
harmful;25;W;AZ
harmful;55;B;GA
neutral;35;W;FL
dangerous;25;B;MI
dangerous;32;W;FL
harmless;38;H;CA
dangerous;32;H;TN
harmless;64;W;WA
harmful;55;B;FL
harmless;69;W;WV
dangerous;37;W;CO
neutral;31;B;DC
harmful;25;B;IA
neutral;25;H;CA
harmless;13;B;OH
dangerous;32;H;AZ
dangerous;34;W;TX
dangerous;69;W;FL
unarmed;40;B;OK
unarmed;29;N;VT
harmful;29;W;KY
harmful;42;W;CA
dangerous;25;B;PA
harmless;45;W;AL
dangerous;55;W;NC
harmful;22;O;MN
dangerous;61;B;OH
dangerous;46;W;TX
harmless;30;W;UT
dangerous;56;W;TX
dangerous;35;W;TN
dangerous;22;W;FL
harmless;23;W;CT
dangerous;43;B;NC
dangerous;43;W;TN
dangerous;49;W;CO
unarmed;23;W;NE
neutral;41;W;CA
neutral;33;B;MD
dangerous;30;H;TX
dangerous;25;W;NH
dangerous;52;W;ID
dangerous;32;W;AR
dangerous;46;W;TX
dangerous;48;W;MN
unarmed;38;B;CA
neutral;26;W;AZ
neutral;32;B;PA
harmful;28;H;GA
dangerous;53;W;AZ
unarmed;38;W;TX
neutral;18;B;NJ
dangerous;32;B;SC
dangerous;37;W;MI
neutral;18;B;NJ
dangerous;20;B;OH
dangerous;28;W;WV
dangerous;18;B;CA
harmless;16;H;CA
harmless;36;B;IL
dangerous;57;W;MA
dangerous;49;W;NJ
harmless;31;H;FL
dangerous;26;W;AR
dangerous;51;W;MI
harmful;28;W;CO
dangerous;35;W;SC
unarmed;57;B;GA
harmful;36;W;IN
dangerous;42;W;AL
harmless;49;W;AR
harmful;62;W;IN
harmful;21;H;WA
harmful;53;W;CA
dangerous;41;B;NY
dangerous;40;W;AZ
neutral;27;H;CA
dangerous;19;N;TX
neutral;26;W;OH
harmful;44;A;WA
harmful;30;W;CA
dangerous;31;W;LA
dangerous;33;B;MA
dangerous;22;W;KY
harmful;46;W;OR
dangerous;38;W;WA
harmful;23;W;TX
dangerous;24;H;TX
dangerous;26;W;CA
harmless;26;W;TX
harmless;32;W;CA
harmful;50;H;FL
dangerous;17;W;AR
harmful;39;W;FL
dangerous;28;B;MI
harmful;66;B;NY
dangerous;42;H;OK
dangerous;34;W;KY
neutral;38;W;OH
neutral;28;H;NV
dangerous;29;W;FL
harmful;58;W;OK
dangerous;23;N;WA
harmless;21;W;AL
harmless;45;W;MN
dangerous;38;W;KY
dangerous;40;B;CO
dangerous;19;B;MO
harmless;46;B;AR
harmless;25;W;MD
harmless;25;W;MD
harmful;37;W;CA
dangerous;25;B;TX
unarmed;36;W;OK
dangerous;32;W;MT
dangerous;33;B;TX
neutral;24;H;GA
dangerous;37;W;MN
dangerous;38;B;CA
harmful;45;A;OH
harmful;31;B;MA
neutral;34;W;AZ
dangerous;23;H;TX
neutral;39;B;CA
harmful;55;H;CA
dangerous;31;W;OH
dangerous;76;W;NV
dangerous;59;W;LA
neutral;40;W;UT
dangerous;23;B;NC
neutral;26;H;CA
dangerous;35;H;NY
harmful;49;W;FL
neutral;36;W;OK
dangerous;56;W;WV
dangerous;34;W;TX
neutral;33;H;CA
dangerous;43;W;SC
neutral;43;W;KY
harmful;31;W;NJ
neutral;17;W;AL
harmful;32;W;WV
dangerous;31;B;PA
unarmed;19;W;KS
dangerous;23;H;CO
neutral;26;W;OH
dangerous;45;H;CA
dangerous;36;W;AZ
dangerous;41;H;TX
dangerous;53;W;FL
neutral;24;W;CO
dangerous;40;W;AK
dangerous;29;H;AZ
dangerous;22;H;CA
dangerous;21;H;OK
neutral;25;B;PA
dangerous;37;W;TX
harmful;37;H;CA
dangerous;56;W;CA
dangerous;35;W;FL
harmful;25;B;FL
dangerous;25;B;GA
dangerous;26;B;IL
neutral;29;H;CA
harmful;15;A;CA
harmful;21;B;NY
dangerous;24;H;TX
dangerous;18;W;MO
dangerous;19;B;MO
harmful;27;W;CA
dangerous;45;H;CA
dangerous;36;B;TX
neutral;34;B;NC
dangerous;23;B;NJ
harmful;43;W;FL
harmful;43;W;MI
neutral;19;B;IL
dangerous;37;B;IL
dangerous;23;B;MS
unarmed;26;H;AZ
neutral;20;H;AZ
neutral;50;W;KS
dangerous;59;W;ME
dangerous;33;B;IL
dangerous;48;B;LA
harmful;18;O;OH
dangerous;23;H;CA
neutral;41;B;NC
dangerous;41;W;MA
harmless;55;W;TX
harmful;29;W;IN
neutral;31;W;SC
dangerous;25;B;MO
dangerous;38;B;WA
dangerous;83;W;AR
harmful;22;W;KY
dangerous;33;W;AL
neutral;36;W;NM
neutral;26;A;OH
dangerous;29;B;IN
dangerous;55;W;KS
dangerous;47;W;FL
dangerous;52;W;OR
harmless;49;W;FL
harmful;31;B;NC
neutral;37;W;TX
dangerous;37;B;TX
neutral;36;W;IA
neutral;30;O;HI
dangerous;35;W;PA
dangerous;35;B;SC
harmful;36;W;IN
harmful;53;W;NE
neutral;39;W;WV
harmful;30;H;TX
harmless;44;W;AZ
dangerous;24;W;KS
unarmed;73;H;CA
dangerous;31;W;GA
dangerous;28;B;PA
dangerous;18;B;MD
dangerous;32;B;GA
dangerous;60;W;CA
harmful;48;W;TN
dangerous;33;H;CA
dangerous;44;N;WA
neutral;20;B;CA
dangerous;37;W;WA
dangerous;72;W;OK
neutral;52;W;NC
harmful;46;H;TX
dangerous;25;W;OK
neutral;38;H;NV
dangerous;27;W;AL
dangerous;24;B;CA
dangerous;19;B;MD
neutral;31;W;OR
dangerous;18;B;NC
harmful;53;W;FL
harmful;48;A;CA
harmful;29;B;DC
dangerous;30;W;OR
dangerous;61;W;FL
dangerous;71;W;TX
neutral;41;H;IL
dangerous;36;W;TX
dangerous;21;B;FL
unarmed;33;W;MN
harmful;46;W;FL
dangerous;32;W;PA
dangerous;42;W;OH
harmful;17;B;IL
dangerous;44;B;MO
dangerous;35;W;GA
dangerous;23;H;TX
neutral;21;B;TX
dangerous;53;W;TX
harmful;63;B;NY
dangerous;18;W;NY
dangerous;51;B;CA
dangerous;64;W;KY
neutral;45;W;IN
dangerous;20;H;CA
dangerous;41;W;TN
harmful;23;W;PA
dangerous;32;B;IL
harmful;25;W;WV
dangerous;42;W;OK
unarmed;41;W;MD
neutral;31;H;CO
dangerous;50;H;MO
unarmed;38;H;NM
harmful;44;W;GA
unarmed;38;B;AZ
dangerous;21;B;MO
harmful;32;W;CA
unarmed;23;B;TN
neutral;41;W;MN
dangerous;41;O;CA
dangerous;38;H;NJ
dangerous;54;W;FL
dangerous;20;N;MN
harmful;26;W;VA
neutral;29;O;HI
dangerous;47;W;TX
harmless;28;B;NY
dangerous;48;W;CA
harmful;37;A;CA
dangerous;34;B;IL
harmful;33;W;WA
dangerous;36;W;GA
harmful;43;W;KY
dangerous;32;A;VA
dangerous;29;W;TN
dangerous;39;H;CA
harmful;16;H;CA
harmful;40;W;OK
neutral;21;W;TX
harmful;50;W;CA
dangerous;19;B;IN
dangerous;28;N;ND
harmful;25;W;MO
dangerous;49;W;VA
dangerous;44;H;TX
dangerous;39;W;FL
dangerous;44;B;MS
harmful;50;W;NV
dangerous;57;W;ME
dangerous;57;B;PA
dangerous;33;H;CA
harmful;21;H;CA
dangerous;52;W;GA
unarmed;27;W;IL
dangerous;60;W;DE
harmful;25;B;LA
dangerous;34;H;CA
unarmed;22;W;MO
dangerous;26;B;LA
dangerous;27;H;CA
harmful;29;H;NM
unarmed;30;W;MI
dangerous;18;H;PA
dangerous;32;H;ID
neutral;37;W;AL
dangerous;54;B;MS
dangerous;50;W;WI
dangerous;28;H;NC
dangerous;59;W;MD
neutral;24;B;GA
harmful;34;W;OH
dangerous;25;H;CA
harmless;48;W;WI
dangerous;45;W;AZ
dangerous;25;H;TX
dangerous;17;B;WA
unarmed;18;H;CA
dangerous;50;B;OK
harmful;36;W;WA
dangerous;45;H;CA
neutral;42;W;CA
neutral;23;B;TX
neutral;31;B;CA
dangerous;18;H;TX
harmless;26;W;WI
dangerous;57;W;FL
dangerous;27;H;CA
dangerous;41;A;TX
dangerous;33;W;NC
dangerous;22;B;NC
dangerous;38;W;WV
neutral;26;H;IL
dangerous;45;W;TX
unarmed;23;H;GA
dangerous;68;B;MO
dangerous;56;W;FL
unarmed;45;B;CA
harmless;41;B;OH
neutral;33;H;CO
harmless;22;B;FL
dangerous;50;B;CO
harmful;52;H;CA
harmless;18;W;AL
harmless;35;W;TN
dangerous;18;B;MD
dangerous;34;W;OH
neutral;51;W;KY
dangerous;29;W;IN
harmful;34;N;OK
unarmed;25;B;IL
unarmed;26;W;OH
harmful;33;H;WA
harmless;17;B;OR
harmful;25;W;WA
dangerous;31;B;TN
neutral;25;W;ME
unarmed;18;W;ME
harmful;55;W;IL
dangerous;45;W;OK
dangerous;25;B;NC
dangerous;23;B;NJ
dangerous;37;W;SC
neutral;33;A;HI
dangerous;27;B;MO
harmless;32;W;KY
dangerous;31;B;NC
harmful;26;H;CA
neutral;32;W;TN
dangerous;53;W;AZ
unarmed;19;B;MI
harmful;53;W;OH
neutral;35;W;IN
dangerous;64;W;IN
dangerous;24;B;NC
harmful;33;W;MO
harmless;55;H;CA
dangerous;17;B;NY
dangerous;48;H;TX
dangerous;21;B;CA
unarmed;30;W;TX
harmful;34;W;OK
dangerous;35;B;AK
dangerous;32;W;CA
harmless;22;B;ME
dangerous;46;B;NC
harmful;27;B;OH
harmless;18;H;NY
dangerous;33;W;AR
dangerous;26;H;AZ
neutral;27;W;MO
harmful;26;W;FL
dangerous;51;W;OR
dangerous;63;B;MO
dangerous;38;H;UT
dangerous;25;H;UT
dangerous;39;H;CO
harmful;41;B;TX
harmful;26;W;WV
harmful;30;B;TX
dangerous;33;H;KS
dangerous;38;W;OH
dangerous;24;H;NV
dangerous;47;B;DC
dangerous;62;W;PA
dangerous;30;W;KY
dangerous;33;W;TX
harmless;23;B;CA
dangerous;39;W;GA
neutral;46;W;CA
dangerous;36;W;UT
dangerous;66;W;FL
dangerous;27;W;NC
dangerous;40;W;WI
dangerous;25;B;TX
dangerous;20;B;FL
harmful;40;B;TX
harmless;33;W;WI
harmful;34;H;CA
harmless;27;H;AZ
neutral;25;H;NV
harmful;37;H;NJ
dangerous;32;W;CO
harmless;25;N;CA
neutral;38;W;OK
dangerous;50;W;SC
harmless;70;H;CA
harmless;26;W;CA
harmful;41;B;CA
dangerous;91;W;PA
dangerous;25;W;NC
harmful;24;H;CA
harmful;29;W;CA
dangerous;40;W;CA
dangerous;51;W;TX
dangerous;30;B;LA
harmful;33;H;CA
harmful;28;H;WA
neutral;23;B;OH
harmful;23;W;CA
neutral;20;B;MD
unarmed;56;W;NJ
neutral;36;W;WA
harmless;18;W;CO
dangerous;43;W;FL
unarmed;16;H;CA
dangerous;29;B;MN
neutral;25;W;AZ
dangerous;34;B;MI
dangerous;32;B;WI
dangerous;32;B;NC
dangerous;58;W;FL
neutral;36;B;TN
harmful;25;W;ME
harmless;59;W;TN
harmful;25;B;CA
dangerous;25;W;KS
dangerous;42;W;ID
neutral;36;W;GA
dangerous;59;W;MO
unarmed;21;B;FL
dangerous;19;W;FL
dangerous;45;H;FL
harmful;42;W;KY
dangerous;27;B;LA
dangerous;45;A;WI
harmful;42;B;AR
harmful;24;H;AZ
harmful;39;B;MD
dangerous;18;W;CA
dangerous;26;H;TX
dangerous;35;H;CA
dangerous;53;W;CA
neutral;56;W;FL
dangerous;54;W;AR
dangerous;36;W;AK
dangerous;51;W;TN
dangerous;45;W;MS
harmful;28;W;MD
dangerous;36;W;IN
dangerous;73;W;MI
dangerous;26;W;TN
dangerous;41;W;IL
dangerous;59;W;OK
neutral;28;B;DE
dangerous;45;W;KY
neutral;27;W;TX
neutral;46;W;NJ
harmful;30;A;LA
neutral;46;H;SC
unarmed;47;H;CA
neutral;32;H;TX
dangerous;65;W;CA
dangerous;19;H;IN
neutral;22;W;AR
harmless;39;B;OH
dangerous;38;W;OH
dangerous;68;W;FL
dangerous;49;B;FL
dangerous;37;B;NJ
dangerous;33;A;SD
harmful;25;W;WI
harmful;36;H;CA
dangerous;30;W;OH
dangerous;28;B;CA
neutral;28;W;AZ
dangerous;25;W;KS
dangerous;35;W;WA
harmful;24;N;ND
dangerous;33;B;AR
harmful;56;W;CA
dangerous;56;W;OH
neutral;16;H;CA
dangerous;47;W;MN
neutral;33;W;TN
neutral;32;W;WV
dangerous;21;B;DE
dangerous;64;W;OK
dangerous;19;B;WA
harmful;55;H;TX
neutral;25;H;AZ
unarmed;17;W;AZ
dangerous;25;W;OR
dangerous;43;A;CA
neutral;39;B;IN
harmful;24;W;OH
dangerous;70;W;AZ
dangerous;79;W;PA
dangerous;16;B;TX
unarmed;35;W;OR
dangerous;53;H;TX
neutral;20;H;CA
harmful;27;B;GA
harmful;57;B;FL
neutral;53;W;PA
neutral;32;W;OH
dangerous;26;B;DE
dangerous;53;W;SD
dangerous;32;B;GA
dangerous;25;H;CA
unarmed;15;B;TX
dangerous;59;W;HI
dangerous;35;B;VA
dangerous;32;W;OK
dangerous;49;W;CA
dangerous;46;B;MI
dangerous;25;W;TX
harmful;48;B;TX
dangerous;20;H;TX
dangerous;24;W;CA
dangerous;18;B;MI
dangerous;67;W;GA
harmful;26;W;CA
harmless;15;W;CA
harmful;62;W;NV
dangerous;24;B;TX
neutral;27;B;AL
unarmed;26;H;NY
harmless;32;B;CA
dangerous;29;W;CA
neutral;16;H;CT
dangerous;25;B;FL
unarmed;39;W;SC
dangerous;34;W;OH
harmless;36;W;MI
harmful;24;B;OR
dangerous;50;B;MO
neutral;50;W;CA
harmful;51;B;PA
dangerous;30;W;MT
neutral;35;W;AL
dangerous;46;W;FL
dangerous;37;W;WI
dangerous;41;B;MO
dangerous;41;H;AZ
dangerous;48;W;VA
dangerous;27;B;AZ
dangerous;29;B;VA
dangerous;47;W;TN
dangerous;48;W;OK
dangerous;41;W;DC
dangerous;24;H;CA
dangerous;38;W;MT
neutral;28;W;VA
harmful;47;W;PA
dangerous;65;W;ME
harmless;58;W;CA
dangerous;33;B;WI
dangerous;43;W;PA
neutral;24;B;LA
unarmed;37;H;FL
dangerous;21;H;AZ
dangerous;65;W;NV
dangerous;59;W;CA
dangerous;74;W;TN
unarmed;24;W;OH
dangerous;23;W;AK
neutral;59;H;NM
harmless;34;W;AZ
neutral;30;W;TN
dangerous;22;B;NC
dangerous;37;W;ME
neutral;20;H;CA
dangerous;18;H;UT
neutral;24;W;CA
dangerous;17;W;CO
dangerous;27;H;NV
neutral;51;W;FL
dangerous;29;B;AL
neutral;34;B;MS
dangerous;18;A;OK
dangerous;17;B;IL
dangerous;55;H;TX
dangerous;44;W;AZ
dangerous;27;W;FL
dangerous;66;W;CA
dangerous;45;W;KY
dangerous;47;B;FL
dangerous;34;W;FL
dangerous;37;B;TX
dangerous;54;W;ME
dangerous;21;H;CA
dangerous;21;W;MO
dangerous;35;W;MD
neutral;75;W;NC
dangerous;45;H;CA
dangerous;30;B;PA
dangerous;48;W;CO
dangerous;58;W;OK
harmful;29;B;OK
dangerous;44;H;IL
dangerous;82;W;FL
dangerous;53;W;IA
harmful;60;W;TX
neutral;19;B;WI
harmful;45;H;CA
dangerous;63;H;TX
dangerous;50;W;KY
dangerous;35;W;LA
dangerous;24;W;IL
dangerous;36;W;NH
dangerous;35;B;LA
dangerous;33;B;MO
harmless;20;A;WA
dangerous;66;W;VA
harmful;54;W;TN
dangerous;40;W;NH
dangerous;41;W;MS
harmful;32;H;CA
dangerous;37;W;CA
harmful;30;B;WA
dangerous;64;W;WI
dangerous;21;N;AK
dangerous;28;W;TX
dangerous;40;W;TN
dangerous;32;W;OH
dangerous;50;W;KS
neutral;33;W;MO
unarmed;17;H;CA
neutral;34;H;AZ
dangerous;37;W;OR
dangerous;47;W;OK
neutral;20;B;WA
dangerous;56;B;SC
dangerous;24;B;OK
dangerous;47;W;AZ
harmless;37;B;TN
unarmed;45;B;IN
dangerous;33;H;CO
dangerous;23;H;AZ
dangerous;37;B;IL
harmful;36;B;OH
dangerous;34;B;NY
dangerous;29;W;IA
dangerous;45;W;OK
neutral;24;H;CA
dangerous;51;W;ME
unarmed;33;B;GA
dangerous;50;W;NC
dangerous;34;W;WI
neutral;47;B;KS
dangerous;55;W;AZ
unarmed;40;W;MN
dangerous;37;H;TX
dangerous;32;W;AL
dangerous;52;W;MO
dangerous;27;B;MO
harmless;49;W;MA
dangerous;59;W;WI
dangerous;41;H;MS
harmful;34;W;CA
dangerous;31;W;MO
harmful;23;W;VA
dangerous;28;W;FL
neutral;16;B;AR
neutral;25;B;OH
dangerous;39;B;LA
neutral;28;B;WI
harmful;32;B;NY